contig	start	stop	target	context	overflow	orientation	dangerous_GC	dangerous_polyT	dangerous_in_genome	Hsu2013	basesDiffToClosestHit	closestHitCount	0-1-2-3-4_mismatch	otCount
CCATTATTAACGGTGACTCGCGG_front_pad1_triples	0	23	CCATTATTAACGGTGACTCGCGG	NONE	OK	FWD	NONE	NONE	NONE	96.21825733	3	1	"0,0,0,1,20"	21
TTACTAGGATTCTAGCCGATAGG_front_pad1_triples	0	23	TTACTAGGATTCTAGCCGATAGG	NONE	OK	FWD	NONE	NONE	NONE	96.01054489	3	3	"0,0,0,3,20"	23
GTAGGATTACTCGCCCGGAGAGG_front_pad1_triples	0	23	GTAGGATTACTCGCCCGGAGAGG	NONE	OK	FWD	NONE	NONE	NONE	95.44871195	3	1	"0,0,0,1,21"	22
CTATGATTACGCGATCTGCTAGG_front_pad1_triples	0	23	CTATGATTACGCGATCTGCTAGG	NONE	OK	FWD	NONE	NONE	NONE	96.2547272	3	1	"0,0,0,1,10"	11
GTATGATTACCGCTACAGGTTGG_front_pad1_triples	0	23	GTATGATTACCGCTACAGGTTGG	NONE	OK	FWD	NONE	NONE	NONE	95.38247704	3	1	"0,0,0,1,22"	23
TTACCACTAGGTATTACGTATGG_front_pad1_triples	0	23	TTACCACTAGGTATTACGTATGG	NONE	OK	FWD	NONE	NONE	NONE	97.58882512	3	1	"0,0,0,1,22"	23
ACACGATTAAATACCTACGTCGG_front_pad1_triples	0	23	ACACGATTAAATACCTACGTCGG	NONE	OK	FWD	NONE	NONE	NONE	96.31395962	3	1	"0,0,0,1,21"	22
CTACTAACATCATCCCGCGACGG_front_pad1_triples	0	23	CTACTAACATCATCCCGCGACGG	NONE	OK	FWD	NONE	NONE	NONE	96.66980837	4	32	"0,0,0,0,32"	32
TCACGATTAGCGGACGCGGCCGG_front_pad1_triples	0	23	TCACGATTAGCGGACGCGGCCGG	NONE	OK	FWD	NONE	NONE	NONE	99.53479626	4	5	"0,0,0,0,5"	5
CTAATACGATACGGTAGTCATGG_front_pad1_triples	0	23	CTAATACGATACGGTAGTCATGG	NONE	OK	FWD	NONE	NONE	NONE	96.14103494	4	24	"0,0,0,0,24"	24
ACACTAATAGTACTCCGGGTCGG_front_pad1_triples	0	23	ACACTAATAGTACTCCGGGTCGG	NONE	OK	FWD	NONE	NONE	NONE	97.01266346	3	1	"0,0,0,1,23"	24
GTAGGATTACCGTAATGGCGTGG_front_pad1_triples	0	23	GTAGGATTACCGTAATGGCGTGG	NONE	OK	FWD	NONE	NONE	NONE	98.7775502	3	1	"0,0,0,1,7"	8
GTATCACGATAACCGCCGGTCGG_front_pad1_triples	0	23	GTATCACGATAACCGCCGGTCGG	NONE	OK	FWD	NONE	NONE	NONE	99.66326186	4	8	"0,0,0,0,8"	8
GCACCATTAATTGACGCGAAAGG_front_pad1_triples	0	23	GCACCATTAATTGACGCGAAAGG	NONE	OK	FWD	NONE	NONE	NONE	97.32525857	3	1	"0,0,0,1,21"	22
CTAATAGCACAAGCGTTAGGTGG_front_pad1_triples	0	23	CTAATAGCACAAGCGTTAGGTGG	NONE	OK	FWD	NONE	NONE	NONE	95.0608351	3	2	"0,0,0,2,40"	42
TTAGTAACACGGCCCTAGCGTGG_front_pad1_triples	0	23	TTAGTAACACGGCCCTAGCGTGG	NONE	OK	FWD	NONE	NONE	NONE	97.17357868	3	5	"0,0,0,5,14"	19
GGATTATTACCACTCCGGTACGG_front_pad1_triples	0	23	GGATTATTACCACTCCGGTACGG	NONE	OK	FWD	NONE	NONE	NONE	98.41920317	3	1	"0,0,0,1,23"	24
TCACGATTACACTCACCGAGAGG_front_pad1_triples	0	23	TCACGATTACACTCACCGAGAGG	NONE	OK	FWD	NONE	NONE	NONE	97.02389415	4	16	"0,0,0,0,16"	16
CCACGATTACAAAGTCGACCTGG_front_pad1_triples	0	23	CCACGATTACAAAGTCGACCTGG	NONE	OK	FWD	NONE	NONE	NONE	96.13499147	3	1	"0,0,0,1,35"	36
CCACTATTACTCCGTCTAGGCGG_front_pad1_triples	0	23	CCACTATTACTCCGTCTAGGCGG	NONE	OK	FWD	NONE	NONE	NONE	97.04112758	3	1	"0,0,0,1,26"	27
TTAATAGCACGCCTAGTTCGCGG_front_pad1_triples	0	23	TTAATAGCACGCCTAGTTCGCGG	NONE	OK	FWD	NONE	NONE	NONE	97.94736856	4	18	"0,0,0,0,18"	18
TTAGTACTATTCCTACACCGTGG_front_pad1_triples	0	23	TTAGTACTATTCCTACACCGTGG	NONE	OK	FWD	NONE	NONE	NONE	95.1887641	3	2	"0,0,0,2,30"	32
ACATTACTATACGATGTCGGCGG_front_pad1_triples	0	23	ACATTACTATACGATGTCGGCGG	NONE	OK	FWD	NONE	NONE	NONE	97.63683376	3	1	"0,0,0,1,21"	22
GTAATACGATGGATTCGGCTAGG_front_pad1_triples	0	23	GTAATACGATGGATTCGGCTAGG	NONE	OK	FWD	NONE	NONE	NONE	96.13018523	3	1	"0,0,0,1,25"	26
CTAGTATCACGGTGCGTGATAGG_front_pad1_triples	0	23	CTAGTATCACGGTGCGTGATAGG	NONE	OK	FWD	NONE	NONE	NONE	97.91213068	3	1	"0,0,0,1,9"	10
GCATGATTAGCCGCGGATACTGG_front_pad1_triples	0	23	GCATGATTAGCCGCGGATACTGG	NONE	OK	FWD	NONE	NONE	NONE	98.5504434	4	20	"0,0,0,0,20"	20
CCACCATTACGGCCATATGTCGG_front_pad1_triples	0	23	CCACCATTACGGCCATATGTCGG	NONE	OK	FWD	NONE	NONE	NONE	95.5260045	3	2	"0,0,0,2,28"	30
CTAATATTACCGTGACGAATTGG_front_pad1_triples	0	23	CTAATATTACCGTGACGAATTGG	NONE	OK	FWD	NONE	NONE	NONE	97.584752	3	1	"0,0,0,1,21"	22
TTAGTATCACGCCGTAAACGCGG_front_pad1_triples	0	23	TTAGTATCACGCCGTAAACGCGG	NONE	OK	FWD	NONE	NONE	NONE	99.69236305	4	5	"0,0,0,0,5"	5
TTATTAGTACCATACGTCCGCGG_front_pad1_triples	0	23	TTATTAGTACCATACGTCCGCGG	NONE	OK	FWD	NONE	NONE	NONE	98.18715578	3	1	"0,0,0,1,20"	21
GCATGATTACGGACGCAGTTCGG_front_pad1_triples	0	23	GCATGATTACGGACGCAGTTCGG	NONE	OK	FWD	NONE	NONE	NONE	97.05534842	4	21	"0,0,0,0,21"	21
ACACCATTACCGCTCCGGAGTGG_front_pad1_triples	0	23	ACACCATTACCGCTCCGGAGTGG	NONE	OK	FWD	NONE	NONE	NONE	98.06464955	4	12	"0,0,0,0,12"	12
TCACTACTAGAGCGAGGTCCTGG_front_pad1_triples	0	23	TCACTACTAGAGCGAGGTCCTGG	NONE	OK	FWD	NONE	NONE	NONE	95.28256966	3	3	"0,0,0,3,32"	35
CTATGATTAAGCGCACTGCGCGG_front_pad1_triples	0	23	CTATGATTAAGCGCACTGCGCGG	NONE	OK	FWD	NONE	NONE	NONE	96.90454948	3	2	"0,0,0,2,18"	20
CCACGATCATAACCAACCGGTGG_front_pad1_triples	0	23	CCACGATCATAACCAACCGGTGG	NONE	OK	FWD	NONE	NONE	NONE	97.48432781	4	14	"0,0,0,0,14"	14
GCACCATGATTGGTCGACCCAGG_front_pad1_triples	0	23	GCACCATGATTGGTCGACCCAGG	NONE	OK	FWD	NONE	NONE	NONE	95.5458848	3	4	"0,0,0,4,38"	42
GCATTATTAGACGGCTCTTAAGG_front_pad1_triples	0	23	GCATTATTAGACGGCTCTTAAGG	NONE	OK	FWD	NONE	NONE	NONE	96.75117792	4	25	"0,0,0,0,25"	25
GGATCACTACTACGTTGTGCAGG_front_pad1_triples	0	23	GGATCACTACTACGTTGTGCAGG	NONE	OK	FWD	NONE	NONE	NONE	96.11118342	3	1	"0,0,0,1,35"	36
ATACGATCACCGAATCGCCAAGG_front_pad1_triples	0	23	ATACGATCACCGAATCGCCAAGG	NONE	OK	FWD	NONE	NONE	NONE	97.92157002	4	11	"0,0,0,0,11"	11
GCACTATTAGCCATACGGGCTGG_front_pad1_triples	0	23	GCACTATTAGCCATACGGGCTGG	NONE	OK	FWD	NONE	NONE	NONE	97.05574605	3	2	"0,0,0,2,18"	20
GGATTAGCACTCCGATGGCGAGG_front_pad1_triples	0	23	GGATTAGCACTCCGATGGCGAGG	NONE	OK	FWD	NONE	NONE	NONE	97.14975994	3	2	"0,0,0,2,13"	15
GTAGTATCATGCGCGGCCATAGG_front_pad1_triples	0	23	GTAGTATCATGCGCGGCCATAGG	NONE	OK	FWD	NONE	NONE	NONE	99.20199099	4	11	"0,0,0,0,11"	11
TCACTATTAGCTCGTGCCCGTGG_front_pad1_triples	0	23	TCACTATTAGCTCGTGCCCGTGG	NONE	OK	FWD	NONE	NONE	NONE	97.96589773	4	16	"0,0,0,0,16"	16
GCACTAGTACTAAATCGTCCTGG_front_pad1_triples	0	23	GCACTAGTACTAAATCGTCCTGG	NONE	OK	FWD	NONE	NONE	NONE	95.77848176	3	1	"0,0,0,1,22"	23
ACATTAGTAACCAACTGCGCCGG_front_pad1_triples	0	23	ACATTAGTAACCAACTGCGCCGG	NONE	OK	FWD	NONE	NONE	NONE	95.39381237	3	2	"0,0,0,2,36"	38
GTAACACTAGCGGTCACGGGAGG_front_pad1_triples	0	23	GTAACACTAGCGGTCACGGGAGG	NONE	OK	FWD	NONE	NONE	NONE	97.7603992	4	19	"0,0,0,0,19"	19
CTATCACGATACTAACGCACTGG_front_pad1_triples	0	23	CTATCACGATACTAACGCACTGG	NONE	OK	FWD	NONE	NONE	NONE	99.35887368	4	6	"0,0,0,0,6"	6
CCATTATTACACGCCACACGCGG_front_pad1_triples	0	23	CCATTATTACACGCCACACGCGG	NONE	OK	FWD	NONE	NONE	NONE	96.69237575	3	1	"0,0,0,1,16"	17
TGATCATTACCCGTAGGTCCAGG_front_pad1_triples	0	23	TGATCATTACCCGTAGGTCCAGG	NONE	OK	FWD	NONE	NONE	NONE	95.02794682	4	32	"0,0,0,0,32"	32
ATAATAGCATTCGCGGAGTACGG_front_pad1_triples	0	23	ATAATAGCATTCGCGGAGTACGG	NONE	OK	FWD	NONE	NONE	NONE	97.66801038	3	1	"0,0,0,1,31"	32
ATACCATCACACGATCTCGTCGG_front_pad1_triples	0	23	ATACCATCACACGATCTCGTCGG	NONE	OK	FWD	NONE	NONE	NONE	98.91124899	3	1	"0,0,0,1,15"	16
ATAACACGATTCGGATAGCGCGG_front_pad1_triples	0	23	ATAACACGATTCGGATAGCGCGG	NONE	OK	FWD	NONE	NONE	NONE	99.66186399	4	4	"0,0,0,0,4"	4
ACATCACTATATCGCCGCGACGG_front_pad1_triples	0	23	ACATCACTATATCGCCGCGACGG	NONE	OK	FWD	NONE	NONE	NONE	99.97474186	4	3	"0,0,0,0,3"	3
TCACCATTAAGGTAGCGGCGAGG_front_pad1_triples	0	23	TCACCATTAAGGTAGCGGCGAGG	NONE	OK	FWD	NONE	NONE	NONE	96.86522353	4	20	"0,0,0,0,20"	20
CTACTAGCACTAAACGCGCCAGG_front_pad1_triples	0	23	CTACTAGCACTAAACGCGCCAGG	NONE	OK	FWD	NONE	NONE	NONE	96.49258087	3	3	"0,0,0,3,15"	18
TTAGCATTACATCGCCCGCCTGG_front_pad1_triples	0	23	TTAGCATTACATCGCCCGCCTGG	NONE	OK	FWD	NONE	NONE	NONE	98.19624155	3	2	"0,0,0,2,6"	8
CGATCACTAAGCGCTTGCTCCGG_front_pad1_triples	0	23	CGATCACTAAGCGCTTGCTCCGG	NONE	OK	FWD	NONE	NONE	NONE	95.40627404	3	2	"0,0,0,2,20"	22
ACATTAGTACCGTGTCGAGTAGG_front_pad1_triples	0	23	ACATTAGTACCGTGTCGAGTAGG	NONE	OK	FWD	NONE	NONE	NONE	96.74158118	3	2	"0,0,0,2,18"	20
GTAACATTACGGTTCGCAGTCGG_front_pad1_triples	0	23	GTAACATTACGGTTCGCAGTCGG	NONE	OK	FWD	NONE	NONE	NONE	98.04482786	4	15	"0,0,0,0,15"	15
GCATCACTATTGCGGACACCTGG_front_pad1_triples	0	23	GCATCACTATTGCGGACACCTGG	NONE	OK	FWD	NONE	NONE	NONE	95.31274683	3	1	"0,0,0,1,36"	37
TCACGATTAAAGTTGTCGCCTGG_front_pad1_triples	0	23	TCACGATTAAAGTTGTCGCCTGG	NONE	OK	FWD	NONE	NONE	NONE	95.50031153	3	2	"0,0,0,2,21"	23
GATCATTACGTCACACGCGCTGG_front_pad0_triples	0	23	GATCATTACGTCACACGCGCTGG	NONE	OK	FWD	NONE	NONE	NONE	98.59398168	4	5	"0,0,0,0,5"	5
TAGTAATACTTGGCGTGAACAGG_front_pad0_triples	0	23	TAGTAATACTTGGCGTGAACAGG	NONE	OK	FWD	NONE	NONE	NONE	97.23294982	4	36	"0,0,0,0,36"	36
CATTAATACGCGCGCATATGAGG_front_pad0_triples	0	23	CATTAATACGCGCGCATATGAGG	NONE	OK	FWD	NONE	NONE	NONE	96.65774327	3	2	"0,0,0,2,16"	18
CACGATCATGCAAATCGGGTCGG_front_pad0_triples	0	23	CACGATCATGCAAATCGGGTCGG	NONE	OK	FWD	NONE	NONE	NONE	95.95760573	3	1	"0,0,0,1,21"	22
TAGCATTATGCGAAACGCGGAGG_front_pad0_triples	0	23	TAGCATTATGCGAAACGCGGAGG	NONE	OK	FWD	NONE	NONE	NONE	98.40171356	4	14	"0,0,0,0,14"	14
CATTACTATCGCGCCTCTTGAGG_front_pad0_triples	0	23	CATTACTATCGCGCCTCTTGAGG	NONE	OK	FWD	NONE	NONE	NONE	96.33830242	3	1	"0,0,0,1,19"	20
TACCACGATAGCGTCCGTTTTGG_front_pad0_triples	0	23	TACCACGATAGCGTCCGTTTTGG	NONE	OK	FWD	NONE	NONE	NONE	98.74868182	3	1	"0,0,0,1,9"	10
GATTACCATTGCACGATAACTGG_front_pad0_triples	0	23	GATTACCATTGCACGATAACTGG	NONE	OK	FWD	NONE	NONE	NONE	98.4056237	3	1	"0,0,0,1,22"	23
TACTATTAGTGCGCGAATAGTGG_front_pad0_triples	0	23	TACTATTAGTGCGCGAATAGTGG	NONE	OK	FWD	NONE	NONE	NONE	99.32047899	4	6	"0,0,0,0,6"	6
TAGGATCATACTGCGCGCAAAGG_front_pad0_triples	0	23	TAGGATCATACTGCGCGCAAAGG	NONE	OK	FWD	NONE	NONE	NONE	97.96304183	3	3	"0,0,0,3,19"	22
TATTACCATAGCAGGTCCGCTGG_front_pad0_triples	0	23	TATTACCATAGCAGGTCCGCTGG	NONE	OK	FWD	NONE	NONE	NONE	96.53102268	4	20	"0,0,0,0,20"	20
TATCACGATGTCCTATCCGTCGG_front_pad0_triples	0	23	TATCACGATGTCCTATCCGTCGG	NONE	OK	FWD	NONE	NONE	NONE	97.03257749	4	22	"0,0,0,0,22"	22
TAATACTAGTCGGGAGCGTCCGG_front_pad0_triples	0	23	TAATACTAGTCGGGAGCGTCCGG	NONE	OK	FWD	NONE	NONE	NONE	99.25514146	4	8	"0,0,0,0,8"	8
GATTATCATCGGTACGGCCATGG_front_pad0_triples	0	23	GATTATCATCGGTACGGCCATGG	NONE	OK	FWD	NONE	NONE	NONE	97.93800482	3	1	"0,0,0,1,13"	14
TACTATCATTCCGTACTGCGAGG_front_pad0_triples	0	23	TACTATCATTCCGTACTGCGAGG	NONE	OK	FWD	NONE	NONE	NONE	97.63374161	3	3	"0,0,0,3,10"	13
TACGATTAGGAATACGCGCATGG_front_pad0_triples	0	23	TACGATTAGGAATACGCGCATGG	NONE	OK	FWD	NONE	NONE	NONE	99.29655046	4	6	"0,0,0,0,6"	6
CATTATTACGTCATCACCCGCGG_front_pad0_triples	0	23	CATTATTACGTCATCACCCGCGG	NONE	OK	FWD	NONE	NONE	NONE	96.55430207	3	1	"0,0,0,1,17"	18
TACCATTATAGTAGCGGTCGCGG_front_pad0_triples	0	23	TACCATTATAGTAGCGGTCGCGG	NONE	OK	FWD	NONE	NONE	NONE	97.72024937	3	1	"0,0,0,1,25"	26
CATTACCACGTCGGACTGTCCGG_front_pad0_triples	0	23	CATTACCACGTCGGACTGTCCGG	NONE	OK	FWD	NONE	NONE	NONE	96.91178719	3	1	"0,0,0,1,40"	41
CACGATTAGTGTCCTCCGTGCGG_front_pad0_triples	0	23	CACGATTAGTGTCCTCCGTGCGG	NONE	OK	FWD	NONE	NONE	NONE	97.38837468	4	23	"0,0,0,0,23"	23
CATCACGATGATGACGTAGTTGG_front_pad0_triples	0	23	CATCACGATGATGACGTAGTTGG	NONE	OK	FWD	NONE	NONE	NONE	95.09492239	4	40	"0,0,0,0,40"	40
TATTAGTAAACGTGCCGTACTGG_front_pad0_triples	0	23	TATTAGTAAACGTGCCGTACTGG	NONE	OK	FWD	NONE	NONE	NONE	98.04071018	4	13	"0,0,0,0,13"	13
GATTATTACGCCGTAGATTGTGG_front_pad0_triples	0	23	GATTATTACGCCGTAGATTGTGG	NONE	OK	FWD	NONE	NONE	NONE	95.51280353	4	24	"0,0,0,0,24"	24
GATTAGCATCGTCGCTAGACTGG_front_pad0_triples	0	23	GATTAGCATCGTCGCTAGACTGG	NONE	OK	FWD	NONE	NONE	NONE	99.12481939	4	8	"0,0,0,0,8"	8
GATTATTAATCGCGCGGGTTTGG_front_pad0_triples	0	23	GATTATTAATCGCGCGGGTTTGG	NONE	OK	FWD	NONE	NONE	NONE	99.50148746	4	7	"0,0,0,0,7"	7
GATTAGTATCGAAGTATGCCTGG_front_pad0_triples	0	23	GATTAGTATCGAAGTATGCCTGG	NONE	OK	FWD	NONE	NONE	NONE	95.00398216	3	2	"0,0,0,2,27"	29
CATTATTAACATAGCCGACGCGG_front_pad0_triples	0	23	CATTATTAACATAGCCGACGCGG	NONE	OK	FWD	NONE	NONE	NONE	96.29170442	3	1	"0,0,0,1,36"	37
TAACACTAGTGACGAACAGCTGG_front_pad0_triples	0	23	TAACACTAGTGACGAACAGCTGG	NONE	OK	FWD	NONE	NONE	NONE	95.02655588	3	1	"0,0,0,1,42"	43
TAAGATTACGGTCCGGCTTTTGG_front_pad0_triples	0	23	TAAGATTACGGTCCGGCTTTTGG	NONE	OK	FWD	NONE	NONE	NONE	96.47587961	4	36	"0,0,0,0,36"	36
TACCATGATCCGGTTGCGGAAGG_front_pad0_triples	0	23	TACCATGATCCGGTTGCGGAAGG	NONE	OK	FWD	NONE	NONE	NONE	97.96502312	3	1	"0,0,0,1,25"	26
GATCACTACAGCGTAGATATCGG_front_pad0_triples	0	23	GATCACTACAGCGTAGATATCGG	NONE	OK	FWD	NONE	NONE	NONE	96.51353885	3	1	"0,0,0,1,39"	40
TATTACTAGGCGCGGGGTCAAGG_front_pad0_triples	0	23	TATTACTAGGCGCGGGGTCAAGG	NONE	OK	FWD	NONE	NONE	NONE	96.56397594	4	20	"0,0,0,0,20"	20
CATGATTAACGATCGATTACAGG_front_pad0_triples	0	23	CATGATTAACGATCGATTACAGG	NONE	OK	FWD	NONE	NONE	NONE	98.82198855	4	15	"0,0,0,0,15"	15
TAGTAACATGCGCCGCGACGCGG_front_pad0_triples	0	23	TAGTAACATGCGCCGCGACGCGG	NONE	OK	FWD	NONE	NONE	NONE	99.77925458	4	4	"0,0,0,0,4"	4
TAATACGATTATCTAGCGAGAGG_front_pad0_triples	0	23	TAATACGATTATCTAGCGAGAGG	NONE	OK	FWD	NONE	NONE	NONE	95.48878562	3	1	"0,0,0,1,62"	63
CATGATTATCCGCGAATCATCGG_front_pad0_triples	0	23	CATGATTATCCGCGAATCATCGG	NONE	OK	FWD	NONE	NONE	NONE	96.47484722	3	4	"0,0,0,4,21"	25
TACGATTATGGTCAGATACCCGG_front_pad0_triples	0	23	TACGATTATGGTCAGATACCCGG	NONE	OK	FWD	NONE	NONE	NONE	96.3696783	3	2	"0,0,0,2,20"	22
TACTAGGATACCGACGGGCTCGG_front_pad0_triples	0	23	TACTAGGATACCGACGGGCTCGG	NONE	OK	FWD	NONE	NONE	NONE	97.61322145	4	17	"0,0,0,0,17"	17
CATTAGGATCGATACGTAAGCGG_front_pad0_triples	0	23	CATTAGGATCGATACGTAAGCGG	NONE	OK	FWD	NONE	NONE	NONE	98.48952701	4	13	"0,0,0,0,13"	13
TAGCACTAACCTTCGGCATATGG_front_pad0_triples	0	23	TAGCACTAACCTTCGGCATATGG	NONE	OK	FWD	NONE	NONE	NONE	95.07655165	3	1	"0,0,0,1,30"	31
CATGATTACAGCTTGCGCGCCGG_front_pad0_triples	0	23	CATGATTACAGCTTGCGCGCCGG	NONE	OK	FWD	NONE	NONE	NONE	97.75976354	3	1	"0,0,0,1,32"	33
TATGATTAACCGTCCCTCGCAGG_front_pad0_triples	0	23	TATGATTAACCGTCCCTCGCAGG	NONE	OK	FWD	NONE	NONE	NONE	97.48002125	3	1	"0,0,0,1,20"	21
CACTACGATACCGTACAATGTGG_front_pad0_triples	0	23	CACTACGATACCGTACAATGTGG	NONE	OK	FWD	NONE	NONE	NONE	98.08026955	3	2	"0,0,0,2,9"	11
TAATACCACGGCCACGAATGTGG_front_pad0_triples	0	23	TAATACCACGGCCACGAATGTGG	NONE	OK	FWD	NONE	NONE	NONE	95.17380374	3	1	"0,0,0,1,22"	23
TAGTACTAACTGCGTCGCAAAGG_front_pad0_triples	0	23	TAGTACTAACTGCGTCGCAAAGG	NONE	OK	FWD	NONE	NONE	NONE	98.52173004	4	17	"0,0,0,0,17"	17
TAACACTACCGCGAATCTCCTGG_front_pad0_triples	0	23	TAACACTACCGCGAATCTCCTGG	NONE	OK	FWD	NONE	NONE	NONE	96.88477587	4	17	"0,0,0,0,17"	17
GATTATTAACCCGACGAAGACGG_front_pad0_triples	0	23	GATTATTAACCCGACGAAGACGG	NONE	OK	FWD	NONE	NONE	NONE	97.09832403	4	43	"0,0,0,0,43"	43
CATTAATACGAGTGGGCGATCGG_front_pad0_triples	0	23	CATTAATACGAGTGGGCGATCGG	NONE	OK	FWD	NONE	NONE	NONE	96.69920307	4	25	"0,0,0,0,25"	25
TAGTACGATTCATTACGGGAAGG_front_pad0_triples	0	23	TAGTACGATTCATTACGGGAAGG	NONE	OK	FWD	NONE	NONE	NONE	97.11777362	3	1	"0,0,0,1,15"	16
TACCACTAGTGTACGTTGTACGG_front_pad0_triples	0	23	TACCACTAGTGTACGTTGTACGG	NONE	OK	FWD	NONE	NONE	NONE	96.23796761	3	2	"0,0,0,2,20"	22
TATCATTACACTCCGAGTCGAGG_front_pad0_triples	0	23	TATCATTACACTCCGAGTCGAGG	NONE	OK	FWD	NONE	NONE	NONE	97.4587157	3	1	"0,0,0,1,23"	24
TACGATCATGCGACGTGCGAAGG_front_pad0_triples	0	23	TACGATCATGCGACGTGCGAAGG	NONE	OK	FWD	NONE	NONE	NONE	99.79845517	4	2	"0,0,0,0,2"	2
TACCACGATCTCGCTTGACTAGG_front_pad0_triples	0	23	TACCACGATCTCGCTTGACTAGG	NONE	OK	FWD	NONE	NONE	NONE	96.40478447	3	1	"0,0,0,1,15"	16
GATTACTAACTAGCGATCCCAGG_front_pad0_triples	0	23	GATTACTAACTAGCGATCCCAGG	NONE	OK	FWD	NONE	NONE	NONE	97.42132905	3	2	"0,0,0,2,20"	22
TACTAGTAAACGCCCGTGGACGG_front_pad0_triples	0	23	TACTAGTAAACGCCCGTGGACGG	NONE	OK	FWD	NONE	NONE	NONE	97.93934867	4	14	"0,0,0,0,14"	14
CACTAATATTGCGGCGTGGGTGG_front_pad0_triples	0	23	CACTAATATTGCGGCGTGGGTGG	NONE	OK	FWD	NONE	NONE	NONE	95.40954001	3	2	"0,0,0,2,21"	23
TACCATCACGATCGGCCTGCCGG_front_pad0_triples	0	23	TACCATCACGATCGGCCTGCCGG	NONE	OK	FWD	NONE	NONE	NONE	97.02856929	4	25	"0,0,0,0,25"	25
GATTAATACGGGTAGCACGTTGG_front_pad0_triples	0	23	GATTAATACGGGTAGCACGTTGG	NONE	OK	FWD	NONE	NONE	NONE	99.0190605	4	15	"0,0,0,0,15"	15
CACTATTACCGACATCGCATTGG_front_pad0_triples	0	23	CACTATTACCGACATCGCATTGG	NONE	OK	FWD	NONE	NONE	NONE	95.42170575	3	1	"0,0,0,1,31"	32
CACTACGATCGACTACGACGAGG_front_pad0_triples	0	23	CACTACGATCGACTACGACGAGG	NONE	OK	FWD	NONE	NONE	NONE	97.49190292	4	7	"0,0,0,0,7"	7
CATGATTACCTAGTACGGGGTGG_front_pad0_triples	0	23	CATGATTACCTAGTACGGGGTGG	NONE	OK	FWD	NONE	NONE	NONE	96.95671128	4	32	"0,0,0,0,32"	32
TATCATCACCCGGTATGTCGCGG_front_pad0_triples	0	23	TATCATCACCCGGTATGTCGCGG	NONE	OK	FWD	NONE	NONE	NONE	98.83034082	4	13	"0,0,0,0,13"	13
GATCACTACTCGCCGCCTACCGG_front_pad0_triples	0	23	GATCACTACTCGCCGCCTACCGG	NONE	OK	FWD	NONE	NONE	NONE	97.38559087	4	15	"0,0,0,0,15"	15
TAGTACTAAGTCGCGAGGCTAGG_front_pad0_triples	0	23	TAGTACTAAGTCGCGAGGCTAGG	NONE	OK	FWD	NONE	NONE	NONE	97.72239241	3	1	"0,0,0,1,21"	22
CACTACCATACGACCGCCCCCGG_front_pad0_triples	0	23	CACTACCATACGACCGCCCCCGG	NONE	OK	FWD	NONE	NONE	NONE	95.65070353	3	2	"0,0,0,2,26"	28
TAGCACGATGGGCAGTCGTGTGG_front_pad0_triples	0	23	TAGCACGATGGGCAGTCGTGTGG	NONE	OK	FWD	NONE	NONE	NONE	95.50891348	3	1	"0,0,0,1,34"	35
TAGTACTAAGTACCGCGGGATGG_front_pad0_triples	0	23	TAGTACTAAGTACCGCGGGATGG	NONE	OK	FWD	NONE	NONE	NONE	98.97437227	4	16	"0,0,0,0,16"	16
GATTACCATAGTCTGCGCGCAGG_front_pad0_triples	0	23	GATTACCATAGTCTGCGCGCAGG	NONE	OK	FWD	NONE	NONE	NONE	98.38213397	4	24	"0,0,0,0,24"	24
TATCATGATACTCAGATCGCTGG_front_pad0_triples	0	23	TATCATGATACTCAGATCGCTGG	NONE	OK	FWD	NONE	NONE	NONE	95.56823545	3	1	"0,0,0,1,39"	40
CATGATCACCTCGCGTAGGCTGG_front_pad0_triples	0	23	CATGATCACCTCGCGTAGGCTGG	NONE	OK	FWD	NONE	NONE	NONE	96.9338055	3	5	"0,0,0,5,33"	38
GATTAATACATTGCGCCTTGAGG_front_pad0_triples	0	23	GATTAATACATTGCGCCTTGAGG	NONE	OK	FWD	NONE	NONE	NONE	95.42639675	3	2	"0,0,0,2,73"	75
TAGCACTAATTATGGTCGTCTGG_front_pad0_triples	0	23	TAGCACTAATTATGGTCGTCTGG	NONE	OK	FWD	NONE	NONE	NONE	96.93256468	3	5	"0,0,0,5,17"	22
TATCATGATACTTAGGCCGGAGG_front_pad0_triples	0	23	TATCATGATACTTAGGCCGGAGG	NONE	OK	FWD	NONE	NONE	NONE	95.13628908	4	34	"0,0,0,0,34"	34
TAGTACCATCGTATCCGCTGTGG_front_pad0_triples	0	23	TAGTACCATCGTATCCGCTGTGG	NONE	OK	FWD	NONE	NONE	NONE	95.21038043	3	1	"0,0,0,1,21"	22
CACGATCATGACTCGCGTGCAGG_front_pad0_triples	0	23	CACGATCATGACTCGCGTGCAGG	NONE	OK	FWD	NONE	NONE	NONE	97.05691486	3	1	"0,0,0,1,16"	17
TACTATTAGACCCGCGTGTTAGG_front_pad0_triples	0	23	TACTATTAGACCCGCGTGTTAGG	NONE	OK	FWD	NONE	NONE	NONE	98.58047964	4	11	"0,0,0,0,11"	11
CATGATTATGGACCAACGCCCGG_front_pad0_triples	0	23	CATGATTATGGACCAACGCCCGG	NONE	OK	FWD	NONE	NONE	NONE	96.86432337	4	29	"0,0,0,0,29"	29
CACCATTAGTCCTCATCCGGTGG_front_pad0_triples	0	23	CACCATTAGTCCTCATCCGGTGG	NONE	OK	FWD	NONE	NONE	NONE	95.44723878	3	2	"0,0,0,2,38"	40
TAGTACTATTGACGAGCGCGTGG_front_pad0_triples	0	23	TAGTACTATTGACGAGCGCGTGG	NONE	OK	FWD	NONE	NONE	NONE	99.92170961	4	3	"0,0,0,0,3"	3
TAACATTATCGTCGCTTAACAGG_front_pad0_triples	0	23	TAACATTATCGTCGCTTAACAGG	NONE	OK	FWD	NONE	NONE	NONE	95.40859322	3	3	"0,0,0,3,31"	34
TAAGATCATCGTGCGGGGTTAGG_front_pad0_triples	0	23	TAAGATCATCGTGCGGGGTTAGG	NONE	OK	FWD	NONE	NONE	NONE	95.66912511	3	3	"0,0,0,3,27"	30
TATTAATACGGTCGGAGGATAGG_front_pad0_triples	0	23	TATTAATACGGTCGGAGGATAGG	NONE	OK	FWD	NONE	NONE	NONE	96.11829168	4	26	"0,0,0,0,26"	26
TACGATCACCGCTTATGAGCTGG_front_pad0_triples	0	23	TACGATCACCGCTTATGAGCTGG	NONE	OK	FWD	NONE	NONE	NONE	96.56424947	3	1	"0,0,0,1,8"	9
TACTAGTATGTAGACGCGTATGG_front_pad0_triples	0	23	TACTAGTATGTAGACGCGTATGG	NONE	OK	FWD	NONE	NONE	NONE	99.58557122	4	8	"0,0,0,0,8"	8
TTAATACTAGTAACCGCCGTCGG_front_pad1_triples	0	23	TTAATACTAGTAACCGCCGTCGG	NONE	OK	FWD	NONE	NONE	NONE	98.15783094	4	27	"0,0,0,0,27"	27
CACTATGATTGGCGACCGCTTGG_front_pad0_triples	0	23	CACTATGATTGGCGACCGCTTGG	NONE	OK	FWD	NONE	NONE	NONE	98.65164603	4	10	"0,0,0,0,10"	10
TACGATCACGGGAAACGACGTGG_front_pad0_triples	0	23	TACGATCACGGGAAACGACGTGG	NONE	OK	FWD	NONE	NONE	NONE	98.30150689	4	10	"0,0,0,0,10"	10
TATTACCACGCCGCTCCACAAGG_front_pad0_triples	0	23	TATTACCACGCCGCTCCACAAGG	NONE	OK	FWD	NONE	NONE	NONE	95.91452162	4	17	"0,0,0,0,17"	17
TAGCATTACTTCGCGTGCACTGG_front_pad0_triples	0	23	TAGCATTACTTCGCGTGCACTGG	NONE	OK	FWD	NONE	NONE	NONE	98.53469058	4	18	"0,0,0,0,18"	18
CACAGATACGACATAAACGGAGG_front_pad0_doubles	0	23	CACAGATACGACATAAACGGAGG	NONE	OK	FWD	NONE	NONE	NONE	95.08142764	4	65	"0,0,0,0,65"	65
TACATAGATGCGCGATCCTAAGG_front_pad0_doubles	0	23	TACATAGATGCGCGATCCTAAGG	NONE	OK	FWD	NONE	NONE	NONE	98.34165299	4	18	"0,0,0,0,18"	18
GAGAGAGACGATGCTAACGTAGG_front_pad0_doubles	0	23	GAGAGAGACGATGCTAACGTAGG	NONE	OK	FWD	NONE	NONE	NONE	97.10000252	3	4	"0,0,0,4,41"	45
CATACACAAGCGCGCGCACCAGG_front_pad0_doubles	0	23	CATACACAAGCGCGCGCACCAGG	NONE	OK	FWD	NONE	NONE	NONE	95.53697801	3	5	"0,0,0,5,40"	45
CACAGATACGGCGAGGGCGTAGG_front_pad0_doubles	0	23	CACAGATACGGCGAGGGCGTAGG	NONE	OK	FWD	NONE	NONE	NONE	95.28895829	3	4	"0,0,0,4,30"	34
TACACACATCGGGCGACAAAAGG_front_pad0_doubles	0	23	TACACACATCGGGCGACAAAAGG	NONE	OK	FWD	NONE	NONE	NONE	97.20638673	3	2	"0,0,0,2,37"	39
CATATAGAAACCACACGACGTGG_front_pad0_doubles	0	23	CATATAGAAACCACACGACGTGG	NONE	OK	FWD	NONE	NONE	NONE	96.61505995	3	1	"0,0,0,1,44"	45
CAGATAGATTCCGGGACCCGAGG_front_pad0_doubles	0	23	CAGATAGATTCCGGGACCCGAGG	NONE	OK	FWD	NONE	NONE	NONE	95.44859041	3	1	"0,0,0,1,28"	29
GAGACATATCGCGGCTATTCCGG_front_pad0_doubles	0	23	GAGACATATCGCGGCTATTCCGG	NONE	OK	FWD	NONE	NONE	NONE	96.38378106	3	1	"0,0,0,1,23"	24
CAGACATAGCGGTCCGAAGCCGG_front_pad0_doubles	0	23	CAGACATAGCGGTCCGAAGCCGG	NONE	OK	FWD	NONE	NONE	NONE	96.41192167	4	31	"0,0,0,0,31"	31
GAGATATATATGCGTAGCCCCGG_front_pad0_doubles	0	23	GAGATATATATGCGTAGCCCCGG	NONE	OK	FWD	NONE	NONE	NONE	95.02775439	3	3	"0,0,0,3,43"	46
GATACAGATTAGAGCGTTACCGG_front_pad0_doubles	0	23	GATACAGATTAGAGCGTTACCGG	NONE	OK	FWD	NONE	NONE	NONE	96.66785541	3	1	"0,0,0,1,43"	44
TACAGAGATTCCGCACCGTGTGG_front_pad0_doubles	0	23	TACAGAGATTCCGCACCGTGTGG	NONE	OK	FWD	NONE	NONE	NONE	95.5165532	3	2	"0,0,0,2,27"	29
TAGACATAACCGGTCCCGTGTGG_front_pad0_doubles	0	23	TAGACATAACCGGTCCCGTGTGG	NONE	OK	FWD	NONE	NONE	NONE	97.29414403	4	15	"0,0,0,0,15"	15
TATATAGACGGTCGACGTACCGG_front_pad0_doubles	0	23	TATATAGACGGTCGACGTACCGG	NONE	OK	FWD	NONE	NONE	NONE	99.80998339	4	2	"0,0,0,0,2"	2
TATAGATACCTGATCGGTGCCGG_front_pad0_doubles	0	23	TATAGATACCTGATCGGTGCCGG	NONE	OK	FWD	NONE	NONE	NONE	96.00871992	3	3	"0,0,0,3,18"	21
TAGACACATTAGGCGTGCCGTGG_front_pad0_doubles	0	23	TAGACACATTAGGCGTGCCGTGG	NONE	OK	FWD	NONE	NONE	NONE	96.864919	3	2	"0,0,0,2,25"	27
GACACATAACCGCGATACAGAGG_front_pad0_doubles	0	23	GACACATAACCGCGATACAGAGG	NONE	OK	FWD	NONE	NONE	NONE	97.67022518	4	24	"0,0,0,0,24"	24
TAGATATACGGTTTGCGTGCCGG_front_pad0_doubles	0	23	TAGATATACGGTTTGCGTGCCGG	NONE	OK	FWD	NONE	NONE	NONE	97.76599825	4	19	"0,0,0,0,19"	19
TAGACATAGGCCTCGGACCGTGG_front_pad0_doubles	0	23	TAGACATAGGCCTCGGACCGTGG	NONE	OK	FWD	NONE	NONE	NONE	96.18978272	4	39	"0,0,0,0,39"	39
TACACAGAGTGTACGCGCAATGG_front_pad0_doubles	0	23	TACACAGAGTGTACGCGCAATGG	NONE	OK	FWD	NONE	NONE	NONE	98.25240301	4	33	"0,0,0,0,33"	33
TAGACATACGCCCTTGCGGGCGG_front_pad0_doubles	0	23	TAGACATACGCCCTTGCGGGCGG	NONE	OK	FWD	NONE	NONE	NONE	97.19911157	4	25	"0,0,0,0,25"	25
TAGACACAGCATCGAATCGGAGG_front_pad0_doubles	0	23	TAGACACAGCATCGAATCGGAGG	NONE	OK	FWD	NONE	NONE	NONE	96.81397495	3	1	"0,0,0,1,48"	49
CACATACATAGTACGAGTGGCGG_front_pad0_doubles	0	23	CACATACATAGTACGAGTGGCGG	NONE	OK	FWD	NONE	NONE	NONE	96.62223554	3	1	"0,0,0,1,54"	55
GAGACAGAGTGACGTCCGTAAGG_front_pad0_doubles	0	23	GAGACAGAGTGACGTCCGTAAGG	NONE	OK	FWD	NONE	NONE	NONE	96.36197721	3	4	"0,0,0,4,59"	63
TATACATAATTAACGCCGCGAGG_front_pad0_doubles	0	23	TATACATAATTAACGCCGCGAGG	NONE	OK	FWD	NONE	NONE	NONE	96.87622583	3	2	"0,0,0,2,27"	29
GAGATACAAACGCGATTTACAGG_front_pad0_doubles	0	23	GAGATACAAACGCGATTTACAGG	NONE	OK	FWD	NONE	NONE	NONE	95.61304993	3	1	"0,0,0,1,39"	40
CATACAGAGCTAGGTCGTACTGG_front_pad0_doubles	0	23	CATACAGAGCTAGGTCGTACTGG	NONE	OK	FWD	NONE	NONE	NONE	96.35564449	4	37	"0,0,0,0,37"	37
TAGATATACAAAACGCGCCTTGG_front_pad0_doubles	0	23	TAGATATACAAAACGCGCCTTGG	NONE	OK	FWD	NONE	NONE	NONE	97.19082615	3	1	"0,0,0,1,44"	45
GACAGATACGATTAGCCTACCGG_front_pad0_doubles	0	23	GACAGATACGATTAGCCTACCGG	NONE	OK	FWD	NONE	NONE	NONE	95.38248133	3	1	"0,0,0,1,24"	25
GATACAGATTGACGTTCCGGAGG_front_pad0_doubles	0	23	GATACAGATTGACGTTCCGGAGG	NONE	OK	FWD	NONE	NONE	NONE	98.14295413	4	20	"0,0,0,0,20"	20
GATACACATAATGCCCCCGGTGG_front_pad0_doubles	0	23	GATACACATAATGCCCCCGGTGG	NONE	OK	FWD	NONE	NONE	NONE	95.67956588	4	29	"0,0,0,0,29"	29
CACAGATAAGCTCGATCCGAAGG_front_pad0_doubles	0	23	CACAGATAAGCTCGATCCGAAGG	NONE	OK	FWD	NONE	NONE	NONE	96.17839117	3	2	"0,0,0,2,39"	41
TAGACATAGCCAAGCGATTGTGG_front_pad0_doubles	0	23	TAGACATAGCCAAGCGATTGTGG	NONE	OK	FWD	NONE	NONE	NONE	96.57366417	4	40	"0,0,0,0,40"	40
TACAGATAGCGGTTCGTCGTTGG_front_pad0_doubles	0	23	TACAGATAGCGGTTCGTCGTTGG	NONE	OK	FWD	NONE	NONE	NONE	99.06074743	3	1	"0,0,0,1,11"	12
TATATATACCGCGCGGCTCCAGG_front_pad0_doubles	0	23	TATATATACCGCGCGGCTCCAGG	NONE	OK	FWD	NONE	NONE	NONE	99.62337231	4	5	"0,0,0,0,5"	5
TACATATAGCGCCGATATTGTGG_front_pad0_doubles	0	23	TACATATAGCGCCGATATTGTGG	NONE	OK	FWD	NONE	NONE	NONE	97.24476905	4	18	"0,0,0,0,18"	18
CAGACACAGTTTCGATGCGTAGG_front_pad0_doubles	0	23	CAGACACAGTTTCGATGCGTAGG	NONE	OK	FWD	NONE	NONE	NONE	96.63799901	3	3	"0,0,0,3,68"	71
CACACATACTGCCCGACCGTAGG_front_pad0_doubles	0	23	CACACATACTGCCCGACCGTAGG	NONE	OK	FWD	NONE	NONE	NONE	97.59821114	3	3	"0,0,0,3,29"	32
TACAGACAGACATTGACGCGAGG_front_pad0_doubles	0	23	TACAGACAGACATTGACGCGAGG	NONE	OK	FWD	NONE	NONE	NONE	96.45504252	3	7	"0,0,0,7,53"	60
TAGATATAAGCCCACGGTCGAGG_front_pad0_doubles	0	23	TAGATATAAGCCCACGGTCGAGG	NONE	OK	FWD	NONE	NONE	NONE	96.5835244	3	1	"0,0,0,1,31"	32
GAGATATATCACGTTTCGGGCGG_front_pad0_doubles	0	23	GAGATATATCACGTTTCGGGCGG	NONE	OK	FWD	NONE	NONE	NONE	96.18128571	3	1	"0,0,0,1,20"	21
TAGATACACGCGCGGTCTCACGG_front_pad0_doubles	0	23	TAGATACACGCGCGGTCTCACGG	NONE	OK	FWD	NONE	NONE	NONE	98.90237627	3	1	"0,0,0,1,9"	10
TAGATAGAATACGATGGCGCCGG_front_pad0_doubles	0	23	TAGATAGAATACGATGGCGCCGG	NONE	OK	FWD	NONE	NONE	NONE	97.12678583	3	2	"0,0,0,2,24"	26
GATATACACGACGGACGCGTAGG_front_pad0_doubles	0	23	GATATACACGACGGACGCGTAGG	NONE	OK	FWD	NONE	NONE	NONE	99.05650352	4	9	"0,0,0,0,9"	9
CATACACACGCGGCTGGTACTGG_front_pad0_doubles	0	23	CATACACACGCGGCTGGTACTGG	NONE	OK	FWD	NONE	NONE	NONE	95.467141	3	4	"0,0,0,4,30"	34
CAGATATATAGGGCGTATTCCGG_front_pad0_doubles	0	23	CAGATATATAGGGCGTATTCCGG	NONE	OK	FWD	NONE	NONE	NONE	95.4642779	3	2	"0,0,0,2,42"	44
CACATATAGCTAGCGCCACGTGG_front_pad0_doubles	0	23	CACATATAGCTAGCGCCACGTGG	NONE	OK	FWD	NONE	NONE	NONE	97.26049426	4	19	"0,0,0,0,19"	19
CACACACAGGTTACTTCGCGAGG_front_pad0_doubles	0	23	CACACACAGGTTACTTCGCGAGG	NONE	OK	FWD	NONE	NONE	NONE	97.6034181	4	46	"0,0,0,0,46"	46
GAGATACAGATACCGCTAGTTGG_front_pad0_doubles	0	23	GAGATACAGATACCGCTAGTTGG	NONE	OK	FWD	NONE	NONE	NONE	95.85402894	3	4	"0,0,0,4,51"	55
TAGATAGAGGAGCCGCGCTTTGG_front_pad0_doubles	0	23	TAGATAGAGGAGCCGCGCTTTGG	NONE	OK	FWD	NONE	NONE	NONE	98.1842923	3	1	"0,0,0,1,29"	30
GATAGATACACCGCTATGTCAGG_front_pad0_doubles	0	23	GATAGATACACCGCTATGTCAGG	NONE	OK	FWD	NONE	NONE	NONE	95.71491345	3	1	"0,0,0,1,31"	32
TAGATATAATGCTCCGGTCGCGG_front_pad0_doubles	0	23	TAGATATAATGCTCCGGTCGCGG	NONE	OK	FWD	NONE	NONE	NONE	98.92877691	4	13	"0,0,0,0,13"	13
GATACATAATTCCTAGCGACAGG_front_pad0_doubles	0	23	GATACATAATTCCTAGCGACAGG	NONE	OK	FWD	NONE	NONE	NONE	95.37146001	3	3	"0,0,0,3,32"	35
TACATATAGGCTCGCCCTTATGG_front_pad0_doubles	0	23	TACATATAGGCTCGCCCTTATGG	NONE	OK	FWD	NONE	NONE	NONE	96.64706297	3	1	"0,0,0,1,23"	24
GAGATATACGTGGGCGACCATGG_front_pad0_doubles	0	23	GAGATATACGTGGGCGACCATGG	NONE	OK	FWD	NONE	NONE	NONE	95.80194332	3	1	"0,0,0,1,35"	36
CATAGATACGGTGTGCGGACTGG_front_pad0_doubles	0	23	CATAGATACGGTGTGCGGACTGG	NONE	OK	FWD	NONE	NONE	NONE	97.16046211	4	22	"0,0,0,0,22"	22
GATACATAGCTCGCACCTATAGG_front_pad0_doubles	0	23	GATACATAGCTCGCACCTATAGG	NONE	OK	FWD	NONE	NONE	NONE	96.40908746	3	1	"0,0,0,1,21"	22
CATAGACAGACCGTCGGAGTTGG_front_pad0_doubles	0	23	CATAGACAGACCGTCGGAGTTGG	NONE	OK	FWD	NONE	NONE	NONE	97.67187933	3	1	"0,0,0,1,21"	22
TATATAGATTCTTACCGACCTGG_front_pad0_doubles	0	23	TATATAGATTCTTACCGACCTGG	NONE	OK	FWD	NONE	NONE	NONE	95.52891863	3	3	"0,0,0,3,45"	48
CATACATATTTGCGGAGCCGTGG_front_pad0_doubles	0	23	CATACATATTTGCGGAGCCGTGG	NONE	OK	FWD	NONE	NONE	NONE	95.49602377	3	4	"0,0,0,4,55"	59
TACATAGATCGCTCGGTGCATGG_front_pad0_doubles	0	23	TACATAGATCGCTCGGTGCATGG	NONE	OK	FWD	NONE	NONE	NONE	97.46597066	4	24	"0,0,0,0,24"	24
CATAGATAGGCCCGCTTATTTGG_front_pad0_doubles	0	23	CATAGATAGGCCCGCTTATTTGG	NONE	OK	FWD	NONE	NONE	NONE	96.68362279	3	2	"0,0,0,2,22"	24
GATAGATATCCCACAGTCGATGG_front_pad0_doubles	0	23	GATAGATATCCCACAGTCGATGG	NONE	OK	FWD	NONE	NONE	NONE	96.88381606	3	2	"0,0,0,2,31"	33
TACAGACATCGTTACGGTATTGG_front_pad0_doubles	0	23	TACAGACATCGTTACGGTATTGG	NONE	OK	FWD	NONE	NONE	NONE	98.55336468	3	1	"0,0,0,1,14"	15
GAGATAGAATGTTCGTATCCCGG_front_pad0_doubles	0	23	GAGATAGAATGTTCGTATCCCGG	NONE	OK	FWD	NONE	NONE	NONE	95.93358978	4	50	"0,0,0,0,50"	50
GAGACAGAGTAGACGCGTTGAGG_front_pad0_doubles	0	23	GAGACAGAGTAGACGCGTTGAGG	NONE	OK	FWD	NONE	NONE	NONE	96.18264489	3	4	"0,0,0,4,52"	56
CACATAGAGTATCCGACTTCCGG_front_pad0_doubles	0	23	CACATAGAGTATCCGACTTCCGG	NONE	OK	FWD	NONE	NONE	NONE	96.44895674	4	51	"0,0,0,0,51"	51
CATAGATAGACCGTGTACGTCGG_front_pad0_doubles	0	23	CATAGATAGACCGTGTACGTCGG	NONE	OK	FWD	NONE	NONE	NONE	97.430439	3	2	"0,0,0,2,20"	22
CACACAGACTATGTAGCGACTGG_front_pad0_doubles	0	23	CACACAGACTATGTAGCGACTGG	NONE	OK	FWD	NONE	NONE	NONE	95.238772	3	3	"0,0,0,3,45"	48
CATATATACCCCCCGGTCGACGG_front_pad0_doubles	0	23	CATATATACCCCCCGGTCGACGG	NONE	OK	FWD	NONE	NONE	NONE	98.47859874	3	2	"0,0,0,2,24"	26
CAGAGAGAAACATCGCGCCGTGG_front_pad0_doubles	0	23	CAGAGAGAAACATCGCGCCGTGG	NONE	OK	FWD	NONE	NONE	NONE	97.1341802	3	2	"0,0,0,2,37"	39
TATAGAGATGTTCCCGTCGGTGG_front_pad0_doubles	0	23	TATAGAGATGTTCCCGTCGGTGG	NONE	OK	FWD	NONE	NONE	NONE	98.61600318	4	19	"0,0,0,0,19"	19
TATACACACTGCCCGTATTGCGG_front_pad0_doubles	0	23	TATACACACTGCCCGTATTGCGG	NONE	OK	FWD	NONE	NONE	NONE	96.30255206	3	2	"0,0,0,2,39"	41
GATAGAGATGCGACCGTACGTGG_front_pad0_doubles	0	23	GATAGAGATGCGACCGTACGTGG	NONE	OK	FWD	NONE	NONE	NONE	98.88318458	3	1	"0,0,0,1,16"	17
GACACACACTCGATCCTTCGTGG_front_pad0_doubles	0	23	GACACACACTCGATCCTTCGTGG	NONE	OK	FWD	NONE	NONE	NONE	96.66204227	4	34	"0,0,0,0,34"	34
TAGATATAGGGCCGACGGTGTGG_front_pad0_doubles	0	23	TAGATATAGGGCCGACGGTGTGG	NONE	OK	FWD	NONE	NONE	NONE	97.76663139	3	2	"0,0,0,2,21"	23
CATATATACCTTGTGCGCTAAGG_front_pad0_doubles	0	23	CATATATACCTTGTGCGCTAAGG	NONE	OK	FWD	NONE	NONE	NONE	96.05557825	3	4	"0,0,0,4,33"	37
CATACACACCCGCCGTTGCAAGG_front_pad0_doubles	0	23	CATACACACCCGCCGTTGCAAGG	NONE	OK	FWD	NONE	NONE	NONE	95.93031095	3	3	"0,0,0,3,37"	40
TATACACAGGGCGTCGCATCTGG_front_pad0_doubles	0	23	TATACACAGGGCGTCGCATCTGG	NONE	OK	FWD	NONE	NONE	NONE	97.87720035	4	19	"0,0,0,0,19"	19
GACATACAGGCGGTTATACGAGG_front_pad0_doubles	0	23	GACATACAGGCGGTTATACGAGG	NONE	OK	FWD	NONE	NONE	NONE	97.67467712	4	27	"0,0,0,0,27"	27
TACATACACTGATACGACGAAGG_front_pad0_doubles	0	23	TACATACACTGATACGACGAAGG	NONE	OK	FWD	NONE	NONE	NONE	97.65682574	3	1	"0,0,0,1,28"	29
TACAGAGATCATCGGTCGGGAGG_front_pad0_doubles	0	23	TACAGAGATCATCGGTCGGGAGG	NONE	OK	FWD	NONE	NONE	NONE	95.86156088	3	3	"0,0,0,3,35"	38
GATACAGAGGCCGCGCATATTGG_front_pad0_doubles	0	23	GATACAGAGGCCGCGCATATTGG	NONE	OK	FWD	NONE	NONE	NONE	97.60630601	3	1	"0,0,0,1,48"	49
GAGAGATAACCGATCGATCTAGG_front_pad0_doubles	0	23	GAGAGATAACCGATCGATCTAGG	NONE	OK	FWD	NONE	NONE	NONE	98.56397635	3	1	"0,0,0,1,17"	18
GAGAGACAACGTCGTTCACCAGG_front_pad0_doubles	0	23	GAGAGACAACGTCGTTCACCAGG	NONE	OK	FWD	NONE	NONE	NONE	97.17775467	3	2	"0,0,0,2,28"	30
TACATAGAGGCCGTTCCGAATGG_front_pad0_doubles	0	23	TACATAGAGGCCGTTCCGAATGG	NONE	OK	FWD	NONE	NONE	NONE	96.84195379	4	25	"0,0,0,0,25"	25
GATACACACCTTGCGTCTTAAGG_front_pad0_doubles	0	23	GATACACACCTTGCGTCTTAAGG	NONE	OK	FWD	NONE	NONE	NONE	96.6234768	3	1	"0,0,0,1,29"	30
GATACACATTTGAGCCGACCAGG_front_pad0_doubles	0	23	GATACACATTTGAGCCGACCAGG	NONE	OK	FWD	NONE	NONE	NONE	95.60504389	3	2	"0,0,0,2,32"	34
CAGATATATAGAACGCGCTCTGG_front_pad0_doubles	0	23	CAGATATATAGAACGCGCTCTGG	NONE	OK	FWD	NONE	NONE	NONE	99.06773264	4	19	"0,0,0,0,19"	19
TATAGAGACGCGTACTTGGTAGG_front_pad0_doubles	0	23	TATAGAGACGCGTACTTGGTAGG	NONE	OK	FWD	NONE	NONE	NONE	95.85835603	3	2	"0,0,0,2,20"	22
TAGATATACTAACTGCGACGAGG_front_pad0_doubles	0	23	TAGATATACTAACTGCGACGAGG	NONE	OK	FWD	NONE	NONE	NONE	96.33567669	3	1	"0,0,0,1,59"	60
TAGACACAGACGATATTCGCTGG_front_pad0_doubles	0	23	TAGACACAGACGATATTCGCTGG	NONE	OK	FWD	NONE	NONE	NONE	97.20573119	4	27	"0,0,0,0,27"	27
GAGAGACAACTAACGTCCCGCGG_front_pad0_doubles	0	23	GAGAGACAACTAACGTCCCGCGG	NONE	OK	FWD	NONE	NONE	NONE	96.7847875	3	1	"0,0,0,1,26"	27
TAGATACACGTGAATCGCGCTGG_front_pad0_doubles	0	23	TAGATACACGTGAATCGCGCTGG	NONE	OK	FWD	NONE	NONE	NONE	98.4794144	4	12	"0,0,0,0,12"	12
CATACAGACCAACGCGTTGTAGG_front_pad0_doubles	0	23	CATACAGACCAACGCGTTGTAGG	NONE	OK	FWD	NONE	NONE	NONE	97.21624061	3	2	"0,0,0,2,22"	24
TACACAGACGGGATCTCGTGAGG_front_pad0_doubles	0	23	TACACAGACGGGATCTCGTGAGG	NONE	OK	FWD	NONE	NONE	NONE	95.49711893	3	2	"0,0,0,2,25"	27
CATACAGAACGCGACTTCGCAGG_front_pad0_doubles	0	23	CATACAGAACGCGACTTCGCAGG	NONE	OK	FWD	NONE	NONE	NONE	95.93491956	3	1	"0,0,0,1,10"	11
GACAGAGAGCGCCGTATCTACGG_front_pad0_doubles	0	23	GACAGAGAGCGCCGTATCTACGG	NONE	OK	FWD	NONE	NONE	NONE	97.36395487	3	1	"0,0,0,1,24"	25
GACATACACACCGAATGGCGTGG_front_pad0_doubles	0	23	GACATACACACCGAATGGCGTGG	NONE	OK	FWD	NONE	NONE	NONE	96.83795673	3	4	"0,0,0,4,23"	27